survey_time,I agree to participate in the study.,identifier,department,occupation,cs_course_count,cs_course_name,cs_languages,stat_course_name,other_programming_course,operating_system,research_experience,research_amount,data_collect_experience,data_storage,reason_attend,resources_used,hope_learn,workshop,semester,python,R,C,matlab,java,fortran,no_languages,other_language,SQL,store_excel,store_access,store_word,store_paper,store_text,store_other,self_collect,others_collect,no_collect,research_help,coursework_help,grad_or_career_prep,adviser_recommend,dept_recommend,flier,network,refresh_update,professional_develop,no_resources,previous_workshops,adviser_resource,course_resources,book_resources,lab_resources,peer_resources,professor_resources,internet_resources
9/5/2018,Yes,NA,Plant Sciences & Plant Pathology,Doctorate,2,"Stat 511, excel course in community college",What is a programming language?,"Intro to statistics, currently taking Stat 511",None of these but I use R for research,Windows,Yes,A few projects,"Yes, I've collected my own data",Microsoft Excel,Research assistance,NA,How to use R more efficiently to analyze my data and become more comfortable with basic commands,Introduction to R,fall 2018,No,No,No,No,No,No,Unfamiliar,No,No,Yes,No,No,NA,No,NA,Yes,No,NA,Yes,No,No,No,No,No,No,No,No,NA,NA,NA,NA,NA,NA,NA,NA,NA
9/5/2018,Yes,NA,Land Resources Environmental Science,Master's,0,none,What is a programming language?,Stats for Education,none,OSX,Yes,A few projects,"Yes, I've collected my own data",Text file,I know that I need to know R to be successful in research. Also I want to be able to analyze my data,NA,"I hope to come away with a better schema of what R is and the basic ways to load and interact with my data. I hope this gives me the basic skills to do more independent inquiries into R. Right now, when I have a question in R, I have very minimal terminology/background knowledge to use the tools available to even answer it. Thanks for offering this workshop!",Introduction to R,fall 2018,No,No,No,No,No,No,Unfamiliar,No,No,No,No,No,NA,Yes,NA,Yes,No,NA,Yes,No,No,No,No,No,No,No,No,NA,NA,NA,NA,NA,NA,NA,NA,NA
9/5/2018,Yes,NA,Plant Sciences & Plant Pathology,Doctorate,1,Fortran (~1980),Fortran,LRES and PSPP research methods and experimental design.,Two LRES courses the required R,Windows,Yes,A few projects,"Yes, I've collected my own data",Microsoft Excel,Research assistance,NA,"Sorting data to facilitate analysis, i.e ""How do I select only data from 2017?""",Introduction to R,fall 2018,No,No,No,No,No,Yes,NA,No,No,Yes,No,No,NA,No,NA,Yes,No,NA,Yes,No,No,No,No,No,No,No,No,NA,NA,NA,NA,NA,NA,NA,NA,NA
9/6/2018,Yes,NA,Engineering,Master's,0,NA,Other; R,EGEN 350 (Engineering Statistics),Intro to ArcGIS,OSX,Yes,A few projects,"Yes, I've collected my own data",Microsoft Excel,Coursework assistance,NA,Skills contributing to R fluency,Introduction to R,fall 2018,No,Yes,No,No,No,No,NA,Yes,No,Yes,No,No,NA,No,NA,Yes,No,NA,No,Yes,No,No,No,No,No,No,No,NA,NA,NA,NA,NA,NA,NA,NA,NA
9/6/2018,Yes,NA,Mathematics/Statistics/Data Science,Master's,0,NA,What is a programming language?,"Experimental Design, Applied Linear Statistical Models, Analysis of Variance and Design of Experiments, Applied Multiple Regression",none,Windows,Yes,A few projects,"Yes, I've collected my own data",Microsoft Excel,Professional Development,NA,Become more comfortable with R and it's language; I'm use to SAS,Introduction to R,fall 2018,No,No,No,No,No,No,Unfamiliar,No,No,Yes,No,No,NA,No,NA,Yes,No,NA,No,No,No,No,No,No,No,No,Yes,NA,NA,NA,NA,NA,NA,NA,NA,NA
9/6/2018,Yes,NA,Land Resources Environmental Science,Master's,0,NA,What is a programming language?,STAT 216 and 217 circa 2008......,ArcGIS,OSX,Yes,A few projects,"Yes, I've collected my own data",Microsoft Excel,Coursework assistance,NA,The basics of R,Introduction to R,fall 2018,No,No,No,No,No,No,Unfamiliar,No,No,Yes,No,No,NA,No,NA,Yes,No,NA,No,Yes,No,No,No,No,No,No,No,NA,NA,NA,NA,NA,NA,NA,NA,NA
9/6/2018,Yes,NA,Plant Sciences & Plant Pathology,Doctorate,0,NA,What is a programming language?,BIOB 318 Biometry,None,Windows,Yes,Little to No,"Yes, I've collected my own data",Microsoft Excel,Department/Professor recommended,NA,I hope to gain a better understanding of how to use R for research,Introduction to R,fall 2018,No,No,No,No,No,No,Unfamiliar,No,No,Yes,No,No,NA,No,NA,Yes,No,NA,No,No,No,No,Yes,No,No,No,No,NA,NA,NA,NA,NA,NA,NA,NA,NA
9/6/2018,Yes,NA,Animal & Range Sciences,Master's,0,NA,What is a programming language?,"STAT 511, 512, 541",NA,Windows,Yes,Little to No,"Yes, I've collected my own data",Microsoft Access,Research assistance,NA,"I think I will get more out of the advanced workshop, which I am also registered for, but it has been so long since I had formal lessons in R that I think this will be a good refresher course prior to the advanced workshop.",Introduction to R,fall 2018,No,No,No,No,No,No,Unfamiliar,No,No,No,Yes,No,NA,No,NA,Yes,No,NA,Yes,No,No,No,No,No,No,No,No,NA,NA,NA,NA,NA,NA,NA,NA,NA
9/6/2018,Yes,NA,Biochemistry/Microbiology,Bachelors,0,NA,R,Stat216,None,Windows,Yes,A few projects,"Yes, I've collected my own data",Microsoft Excel,Research assistance,NA,Become more familiar with R so I can better utilize it for data analyses,Introduction to R,fall 2018,No,Yes,No,No,No,No,NA,No,No,Yes,No,No,NA,No,NA,Yes,No,NA,Yes,No,No,No,No,No,No,No,No,NA,NA,NA,NA,NA,NA,NA,NA,NA
9/6/2018,Yes,NA,Plant Sciences & Plant Pathology,Doctorate,0,NA,What is a programming language?,Applied Regression Analysis,Stats,Windows,Yes,A few projects,"Yes, I've collected my own data",Microsoft Excel,My stats program is no longer supported...,NA,Basic Navigation for R....,Introduction to R,fall 2018,No,No,No,No,No,No,Unfamiliar,No,No,Yes,No,No,NA,No,NA,Yes,No,NA,No,Yes,No,No,No,No,No,No,No,NA,NA,NA,NA,NA,NA,NA,NA,NA
9/6/2018,Yes,NA,Land Resources Environmental Science,Doctorate,5,NA,Python,Statistics for Water Engineering,"ArcGIS, MatLab",Windows,Yes,Little to No,"Yes, I've collected my own data",Microsoft Excel,Department/Professor recommended,NA,Basic skills,Introduction to R,fall 2018,Yes,No,No,No,No,No,NA,No,No,Yes,No,No,NA,No,NA,Yes,No,NA,No,No,No,No,Yes,No,No,No,No,NA,NA,NA,NA,NA,NA,NA,NA,NA
9/6/2018,Yes,NA,Land Resources Environmental Science,Master's,0,"Computation for Environmental Scientists (Paul Stoy, 1c class)",Python,STAT217,Computation for Environmental Scientists,OSX,Yes,I'm almost done with my thesis,"Yes, I've collected my own data",Microsoft Excel,Research assistance,NA,Basic functions for calling data; averaging specific rows from specific column; ideas on how to integrate data into Ternary package I'm learning.,Introduction to R,fall 2018,Yes,No,No,No,No,No,NA,No,No,Yes,No,No,NA,No,NA,Yes,No,NA,Yes,No,No,No,No,No,No,No,No,NA,NA,NA,NA,NA,NA,NA,NA,NA
9/6/2018,Yes,NA,Psychology,Bachelors,0,None,R,Stats 217,Zero,Windows,No,Little to No,No,NA,Department/Professor recommended,NA,I hope to become more comfortable in R,Introduction to R,fall 2018,No,Yes,No,No,No,No,NA,No,No,NA,NA,NA,NA,NA,NA,No,No,Yes,No,No,No,No,Yes,No,No,No,No,NA,NA,NA,NA,NA,NA,NA,NA,NA
9/10/2018,Yes,NA,Land Resources Environmental Science,Master's,0,NA,What is a programming language?,basic statistics for undergrads (401),"I'm taking STAT511, we use R/RStudio/Markdown",Windows,No,Little to No,"Yes, I've collected my own data",Microsoft Excel,Research assistance,NA,I would like to learn more about R and the best ways to use it (analyse data),Introduction to R,fall 2018,No,No,No,No,No,No,Unfamiliar,No,No,Yes,No,No,NA,No,NA,Yes,No,NA,Yes,No,No,No,No,No,No,No,No,NA,NA,NA,NA,NA,NA,NA,NA,NA
9/10/2018,Yes,NA,Ecology,Master's,0,NA,What is a programming language?,STAT 511,NA,Windows,Yes,A few projects,"Yes, I've collected my own data",On paper,brush up on R,NA,basics,Introduction to R,fall 2018,No,No,No,No,No,No,Unfamiliar,No,No,No,No,No,Yes,No,NA,Yes,No,NA,No,No,No,No,No,No,No,Yes,No,NA,NA,NA,NA,NA,NA,NA,NA,NA
9/10/2018,Yes,NA,Biochemistry/Microbiology,Doctorate,0,NA,Other,No,None,OSX,Yes,A few projects,"Yes, I've collected my own data",Microsoft Excel,Research assistance,NA,How to use R to manipulate data from an excel spreadsheet and create basic figures,Introduction to R,fall 2018,No,No,No,No,No,No,NA,Yes,No,Yes,No,No,NA,No,NA,Yes,No,NA,Yes,No,No,No,No,No,No,No,No,NA,NA,NA,NA,NA,NA,NA,NA,NA
9/10/2018,Yes,NA,Plant Sciences & Plant Pathology,Doctorate,0,NA,Java or Javascript,"Stat 216, Stat 511 current",Stat 511,Windows,Yes,A few projects,"Yes, I've collected my own data",Microsoft Excel,Coursework assistance,NA,Use R for analysis of my data in my research,Introduction to R,fall 2018,No,No,No,No,Yes,No,NA,No,No,Yes,No,No,NA,No,NA,Yes,No,NA,No,Yes,No,No,No,No,No,No,No,NA,NA,NA,NA,NA,NA,NA,NA,NA
9/10/2018,Yes,NA,Land Resources Environmental Science,Master's,0,None,What is a programming language?,None,"LRES 510, GIS",OSX,Yes,Little to No,"Yes, I've collected my own data",Microsoft Excel,Research assistance,NA,To understand how R works so I can program & troubleshoot.,Introduction to R,fall 2018,No,No,No,No,No,No,Unfamiliar,No,No,Yes,No,No,NA,No,NA,Yes,No,NA,Yes,No,No,No,No,No,No,No,No,NA,NA,NA,NA,NA,NA,NA,NA,NA
9/10/2018,Yes,NA,Plant Sciences & Plant Pathology,Doctorate,2,NA,MatLab,It was in undergrad,MatLab,Windows,No,Little to No,"Yes, I've collected my own data",Text file,Research assistance,NA,Getting familiar with R,Introduction to R,fall 2018,No,No,No,Yes,No,No,NA,No,No,No,No,No,NA,Yes,NA,Yes,No,NA,Yes,No,No,No,No,No,No,No,No,NA,NA,NA,NA,NA,NA,NA,NA,NA
9/10/2018,Yes,NA,Political Science,Bachelors,0,NA,What is a programming language?,Adv Stats,NA,Windows,Yes,A few projects,"Yes, I've collected my own data",Other,Learn because my PhD students use it,NA,R basics; although many of these Qs do not apply to faculty/staff,Introduction to R,fall 2018,No,No,No,No,No,No,Unfamiliar,No,No,No,No,No,NA,No,NA,Yes,No,NA,No,No,No,No,No,No,No,No,Yes,NA,NA,NA,NA,NA,NA,NA,NA,NA
9/10/2018,Yes,NA,Land Resources Environmental Science,Master's,3,"Two courses in GIS, one in Stella (a modeling program)",What is a programming language?,Basic Stats course in my undergrad,ArcGIS and STELLA,Windows,No,Little to No,No,NA,Research assistance,NA,How to analyze data for my thesis work - at least an intro to how,Introduction to R,fall 2018,No,No,No,No,No,No,Unfamiliar,No,No,NA,NA,NA,NA,NA,NA,No,No,Yes,Yes,No,No,No,No,No,No,No,No,NA,NA,NA,NA,NA,NA,NA,NA,NA
9/10/2018,Yes,NA,Ecology,Master's,1,NA,What is a programming language?,410,LRES510,OSX,Yes,A few projects,"Yes, I've collected my own data",Microsoft Excel,grad studemt,NA,familiar to use R to analyse data,Introduction to R,fall 2018,No,No,No,No,No,No,Unfamiliar,No,No,Yes,No,No,NA,No,NA,Yes,No,NA,No,No,Yes,No,No,No,No,No,No,NA,NA,NA,NA,NA,NA,NA,NA,NA
9/10/2018,Yes,NA,Mathematics/Statistics/Data Science,Master's,2,NA,Python,Statistical Computing,Sample surey,Windows,Yes,A few projects,"Yes, I've collected my own data",Other,Coursework assistance,NA,To learn how to do data analysis using R,Introduction to R,fall 2018,Yes,No,No,No,No,No,NA,No,No,No,No,No,NA,No,NA,Yes,No,NA,No,Yes,No,No,No,No,No,No,No,NA,NA,NA,NA,NA,NA,NA,NA,NA
9/10/2018,Yes,NA,Health & Human Development,Bachelors,70,NA,Python;Java or Javascript;C or C++,I have M.S in statistics and business analytics,R/ MatLab/SPSS/ SAS/MatLab,Windows,Yes,A few projects,"Yes, I've collected my own data",Other,Research assistance,NA,Sharpen R,Introduction to R,fall 2018,Yes,No,Yes,No,Yes,No,NA,No,No,No,No,No,NA,No,NA,Yes,No,NA,Yes,No,No,No,No,No,No,No,No,NA,NA,NA,NA,NA,NA,NA,NA,NA
9/10/2018,Yes,NA,Engineering,Master's,2,"Computer Programming for Engineers (C Programming), Finite Element Analysis (MATLAB)",C or C++;Other,Statistics for Engineers,Geomorphology (ArcGIS),Windows,Yes,A few projects,"Yes, I've helped others collect data",Microsoft Excel,Coursework assistance,NA,R programminglanguage,Introduction to R,fall 2018,No,No,Yes,No,No,No,NA,Yes,No,Yes,No,No,NA,No,NA,No,Yes,NA,No,Yes,No,No,No,No,No,No,No,NA,NA,NA,NA,NA,NA,NA,NA,NA
9/10/2018,Yes,NA,Ecology,Bachelors,1,none,Fortran,I don't remember,SAS,Windows,Yes,A few projects,"Yes, I've collected my own data",Microsoft Excel,better work with my students,NA,working with R,Introduction to R,fall 2018,No,No,No,No,No,Yes,NA,No,No,Yes,No,No,NA,No,NA,Yes,No,NA,No,No,No,No,No,No,No,No,Yes,NA,NA,NA,NA,NA,NA,NA,NA,NA
9/10/2018,Yes,NA,Education,Doctorate,0,NA,R,EDU607,"STATA, R",Windows,No,Little to No,"Yes, I've helped others collect data",NA,Self study,NA,Review R,Introduction to R,fall 2018,No,Yes,No,No,No,No,NA,No,No,NA,NA,NA,NA,NA,NA,No,Yes,NA,No,No,No,No,No,No,No,No,No,NA,NA,NA,NA,NA,NA,NA,NA,NA
9/10/2018,Yes,NA,Engineering,Bachelors,1,Joy and Beauty of Data,Python,EIND 354 Engineering Probability and Stats I,None,Windows,No,Little to No,"Yes, I've collected my own data",Microsoft Excel,Interest in finance careers,NA,To understand R and what it will take to continue learning R,Introduction to R,fall 2018,Yes,No,No,No,No,No,NA,No,No,Yes,No,No,NA,No,NA,Yes,No,NA,No,No,Yes,No,No,No,No,No,No,NA,NA,NA,NA,NA,NA,NA,NA,NA
9/10/2018,Yes,NA,Computer Science,Doctorate,4,"algorithm, programming, operating systems, networks",C or C++;SQL,none,SPSS,OSX,Yes,A few projects,No,NA,want to know more on R,NA,R,Introduction to R,fall 2018,No,No,Yes,No,No,No,NA,No,Yes,NA,NA,NA,NA,NA,NA,No,No,Yes,No,No,No,No,No,No,No,Yes,No,NA,NA,NA,NA,NA,NA,NA,NA,NA
1/22/2019,Yes,2haclo,NA,Staff,0,0,None,PSYX 223: Research Design and Analysis I,N/A,Windows,No,Little to No,"Yes, I've helped others collect data.",Microsoft Excel,Professional Development,N/A,"Learn a resource/tool that is universal where I can collect or extract data, run reports etc through programs such as tableau",Introduction to R,spring 2019,No,No,No,No,No,No,None,No,No,Yes,No,No,NA,No,NA,No,Yes,NA,No,No,No,No,No,No,No,No,Yes,Yes,No,No,No,No,No,No,No,No
1/22/2019,Yes,0ba3rd,Land Resources Environmental Science,Bachelors,0,None,R,STAT 216 & 217,"GPHY 284, 356, 384",OSX,No,NA,"Yes, I've collected my own data.;Yes, I've helped others collect data.",Microsoft Excel,Coursework assistance,Lab Mates;Adviser;Internet Resources,R fundamentals,Introduction to R,spring 2019,No,Yes,No,No,No,No,NA,No,No,Yes,No,No,NA,No,NA,Yes,Yes,NA,No,Yes,No,No,No,No,No,No,No,NA,No,Yes,No,No,Yes,No,No,Yes
1/22/2019,Yes,3kolox,Engineering,Doctorate,0,NA,MatLab,"ENGR 610, STAT 651 & 652 (not @ MSU)","fluid dynamics, Numerical Sol to Engr Problems, advanced topics in GIS",Linux or Ubuntu,Yes,A few projects,"Yes, I've collected my own data.",Microsoft Excel,Received an email or saw a flier about the workshop,Internet Resources,basics of R,Introduction to R,spring 2019,No,No,No,Yes,No,No,NA,No,No,Yes,No,No,NA,No,NA,Yes,No,NA,No,No,No,No,No,Yes,No,No,No,NA,No,No,No,No,No,No,No,Yes
1/22/2019,Yes,2henin,Ecology,Master's,0,none,None,Biometry,ArcGIS,Windows,Yes,A few projects,"Yes, I've collected my own data.",Microsoft Access,Research assistance;Preparation for graduate school,Peers;Adviser;Books,The basics of R.,Introduction to R,spring 2019,No,No,No,No,No,No,None,No,No,No,Yes,No,NA,No,NA,Yes,No,NA,Yes,No,Yes,No,No,No,No,No,No,NA,No,Yes,No,Yes,No,Yes,No,No
1/22/2019,Yes,3widaf,Plant Sciences & Plant Pathology,Master's,0,none,None,Biometry,none,OSX,Yes,A few projects,"Yes, I've helped others collect data.","images, field book program",Preparation for graduate school,haven't learned how to do this yet,What it is like to work in R and what it can do on a very basic level.,Introduction to R,spring 2019,No,No,No,No,No,No,None,No,No,No,No,No,Yes,No,Yes,No,Yes,NA,No,No,Yes,No,No,No,No,No,No,Yes,No,No,No,No,No,No,No,No
1/22/2019,Yes,3tajul,Land Resources Environmental Science,Master's,1,Excel,None;What is a programming language?,Not sure,None,Windows,Yes,A few projects,"Yes, I've collected my own data.;Yes, I've helped others collect data.",On paper,Research assistance;Refresh or update skills,Haven't used yet,The basics to this language,Introduction to R,spring 2019,No,No,No,No,No,No,None,No,No,No,No,No,Yes,No,NA,Yes,Yes,NA,Yes,No,No,No,No,No,No,Yes,No,Yes,No,No,No,No,No,No,No,No
1/22/2019,Yes,4rospo,Biochemistry/Microbiology,Doctorate,0,NA,What is a programming language?,Biostatistics 200 level course at a community college,none,Windows,Yes,I'm almost done with my thesis,"Yes, I've collected my own data.",Microsoft Excel,Department/Professor recommended;Refresh or update skills,none,Get a basic knowledge of R and a refresher on stats,Introduction to R,spring 2019,No,No,No,No,No,No,Unfamiliar,No,No,Yes,No,No,NA,No,NA,Yes,No,NA,No,No,No,No,Yes,No,No,Yes,No,Yes,No,No,No,No,No,No,No,No
1/22/2019,Yes,0wawes,Agriculture,Staff,0,SAS work,R,don't remember,I used SAS for work,Windows,Yes,A few projects,"Yes, I've collected my own data.;Yes, I've helped others collect data.",Microsoft Excel,Research assistance;Received an email or saw a flier about the workshop;Refresh or update skills;trying to find another graphing program,Course Materials;I did take a class in R earlier but haven't used it very much,getting data into and out of R and graph results,Introduction to R,spring 2019,No,Yes,No,No,No,No,NA,No,No,Yes,No,No,NA,No,NA,Yes,Yes,NA,Yes,No,No,No,No,Yes,No,Yes,No,NA,No,No,Yes,No,No,No,No,No
1/22/2019,Yes,0trmap,Land Resources Environmental Science,Bachelors,2,GIS 284 and GIS 384,Python,STAT 216,GIS 284 and GIS 384,Windows,Yes,A few projects,"Yes, I've collected my own data.",Microsoft Excel,Coursework assistance,Internet Resources,A basic understanding of the program and the syntax used/what it means in translation,Introduction to R,spring 2019,Yes,No,No,No,No,No,NA,No,No,Yes,No,No,NA,No,NA,Yes,No,NA,No,Yes,No,No,No,No,No,No,No,NA,No,No,No,No,No,No,No,Yes
1/22/2019,Yes,2shbor,Biochemistry/Microbiology,Faculty,4,can't remember,Python;R;Fortran,can't remember,"QTLMapping, Association genetics at statistical genetics workshop at UW",Windows,Yes,I'm almost done with my thesis,"Yes, I've collected my own data.",AGRObooks,Refresh or update skills,Internet Resources;books,Improve my use of R for data analysis and graphics,Introduction to R,spring 2019,Yes,Yes,No,No,No,Yes,NA,No,No,No,No,No,NA,No,Yes,Yes,No,NA,No,No,No,No,No,No,No,Yes,No,NA,No,No,No,Yes,No,No,No,Yes
1/23/2019,Yes,0pispr,Biochemistry/Microbiology,Faculty,1,limited,None,extensive hands-on experience,none,OSX,Yes,NA,"Yes, I've collected my own data.",many different file formats,Received an email or saw a flier about the workshop;Refresh or update skills,None,Leave excel behind,Introduction to R,spring 2019,No,No,No,No,No,No,None,No,No,No,No,No,NA,No,Yes,Yes,No,NA,No,No,No,No,No,Yes,No,Yes,No,Yes,No,No,No,No,No,No,No,No
1/23/2019,Yes,20mas20,Land Resources Environmental Science,Bachelors,0,NA,None,"STAT 216, currently in STAT 217",GPHY 284,OSX,Yes,A few projects,"Yes, I've collected my own data.;Yes, I've helped others collect data.",Microsoft Excel,Research assistance;Coursework assistance;Preparation for graduate school,Course Materials;Internet Resources,A better understanding of R and how to use it for analyzing data,Introduction to R,spring 2019,No,No,No,No,No,No,None,No,No,Yes,No,No,NA,No,NA,Yes,Yes,NA,Yes,Yes,Yes,No,No,No,No,No,No,NA,No,No,Yes,No,No,No,No,Yes
1/23/2019,Yes,0arnor,Biochemistry/Microbiology,Doctorate,0,NA,None,"intro to stats, college freshman level",n/a,OSX,Yes,A few projects,"Yes, I've helped others collect data.",Microsoft Excel,Research assistance;Coursework assistance,n/a,basics to coding in R; how R can be used to analyze and display microbiome data,Introduction to R,spring 2019,No,No,No,No,No,No,None,No,No,Yes,No,No,NA,No,NA,No,Yes,NA,Yes,Yes,No,No,No,No,No,No,No,Yes,No,No,No,No,No,No,No,No
1/23/2019,Yes,0tamag,Land Resources Environmental Science,Bachelors,1,intro to web programming,Java or Javascript;C or C++,statistics 216,0,Windows,No,Little to No,"Yes, I've collected my own data.",Microsoft Excel,Coursework assistance;Department/Professor recommended,Course Materials,I hope to learn the basics of the programming language R to help me with my current course work.,Introduction to R,spring 2019,No,No,Yes,No,Yes,No,NA,No,No,Yes,No,No,NA,No,NA,Yes,No,NA,No,Yes,No,No,Yes,No,No,No,No,NA,No,No,Yes,No,No,No,No,No
1/23/2019,Yes,1jerou,Biochemistry/Microbiology,Doctorate,0,NA,Python;R,"Stats 2050 (general stats course- UWyo), Biometry with R lab (grad level- CU)",Advanced Bioinformatics (MB544- MSU),OSX,Yes,I'm almost done with my thesis,"Yes, I've collected my own data.",Microsoft Excel,Received an email or saw a flier about the workshop;Refresh or update skills,Peers;Lab Mates;Adviser;Course Materials;Internet Resources,Refresh skills,Introduction to R,spring 2019,Yes,Yes,No,No,No,No,NA,No,No,Yes,No,No,NA,No,NA,Yes,No,NA,No,No,No,No,No,Yes,No,Yes,No,NA,No,Yes,Yes,No,Yes,Yes,No,Yes
1/23/2019,Yes,2regra,Biochemistry/Microbiology,Doctorate,1,bioinformatics,None,applied stats,none,Windows,Yes,A few projects,"Yes, I've collected my own data.",Microsoft Excel,Received an email or saw a flier about the workshop,Peers;youtube tutorials,data entry,Introduction to R,spring 2019,No,No,No,No,No,No,None,No,No,Yes,No,No,NA,No,NA,Yes,No,NA,No,No,No,No,No,Yes,No,No,No,NA,No,No,No,No,No,Yes,No,Yes
1/23/2019,Yes,0subla,Economics or Business,Faculty,0,NA,SQL;Other,"LIESL SPSS PAY STAT, ETC","PSS/STATA/SAS/LIRESL/PLS-lisrl smart, etc",Windows,Yes,A few projects,"Yes, I've collected my own data.;Yes, I've helped others collect data.",SPSS,MY RESEARCH AND COURSE DEVELOPMENT,?,R,Introduction to R,spring 2019,No,No,No,No,No,No,NA,Yes,Yes,No,No,No,NA,No,Yes,Yes,Yes,NA,Yes,Yes,No,No,No,No,No,No,Yes,Yes,No,No,No,No,No,No,No,No
1/23/2019,Yes,45heboz,Ecology,Staff,1,Introduction to Statistical Computing,Python;R,"Biological Statistics, Statistics and Experimental Design",Statistics & Experimental Design,Windows,Yes,I'm almost done with my thesis,"Yes, I've collected my own data.",Microsoft Excel,Research assistance;Refresh or update skills,Peers;Course Materials;Internet Resources,"Methods, vocabulary and modular design",Introduction to R,spring 2019,Yes,Yes,No,No,No,No,NA,No,No,Yes,No,No,NA,No,NA,Yes,No,NA,Yes,No,No,No,No,No,No,Yes,No,NA,No,No,Yes,No,No,Yes,No,Yes
1/23/2019,Yes,1shcov,Economics or Business,Faculty,4,NA,SQL,long time SPSS user,SPSS,OSX,Yes,A few projects,"Yes, I've collected my own data.;Yes, I've helped others collect data.",".sav, csv,",work with big data,Internet Resources,"access data, clean data, manipulate/transform data, run basic analyses and learn where to get help to run more involved analyses.",Introduction to R,spring 2019,No,No,No,No,No,No,NA,No,Yes,No,No,No,NA,No,Yes,Yes,Yes,NA,No,No,No,No,No,No,No,No,No,NA,No,No,No,No,No,No,No,Yes
1/23/2019,Yes,1spfla,Earth Sciences,Faculty,0,NA,Python;R;MatLab,Stats for Geospatial Analysis,"MatLab, R, ArcGIS",OSX,Yes,A few projects,"Yes, I've collected my own data.",Text file,Research assistance,Peers;Internet Resources,moving forward with data analysis and R,Introduction to R,spring 2019,Yes,Yes,No,Yes,No,No,NA,No,No,No,No,No,NA,Yes,NA,Yes,No,NA,Yes,No,No,No,No,No,No,No,No,NA,No,No,No,No,No,Yes,No,Yes
1/23/2019,Yes,go,Ecology,Master's,0,"GIS, Pop ecology",R,"STATS (can't remember the course number, at University of Montana",ArcGIS,Windows,No,NA,"Yes, I've collected my own data.",Microsoft Excel,Research assistance;Coursework assistance,Peers;Lab Mates;Course Materials,navigate R efficiently,Introduction to R,spring 2019,No,Yes,No,No,No,No,NA,No,No,Yes,No,No,NA,No,NA,Yes,No,NA,Yes,Yes,No,No,No,No,No,No,No,NA,No,No,Yes,No,Yes,Yes,No,No
1/23/2019,Yes,1kyaca,Animal & Range Sciences,Master's,0,NA,None,Stat 401,R,OSX,Yes,Little to No,"Yes, I've helped others collect data.",Microsoft Excel,Research assistance;Coursework assistance;Adviser recommended,Peers;Internet Resources;professor,Background about using R and basic fundamentals,Introduction to R,spring 2019,No,No,No,No,No,No,None,No,No,Yes,No,No,NA,No,NA,No,Yes,NA,Yes,Yes,No,Yes,No,No,No,No,No,NA,No,No,No,No,No,Yes,Yes,Yes
1/23/2019,Yes,Mohammed Refai,Biochemistry/Microbiology,Doctorate,1,Bioinformatics,R,none,none,OSX,No,I'm almost done with my thesis,"Yes, I've collected my own data.",Microsoft Excel,Research assistance;Preparation for graduate school;Refresh or update skills,Peers;Lab Mates,Getting things done faster!,Introduction to R,spring 2019,No,Yes,No,No,No,No,NA,No,No,Yes,No,No,NA,No,NA,Yes,No,NA,Yes,No,Yes,No,No,No,No,Yes,No,NA,No,No,No,No,Yes,Yes,No,No
1/30/2019,Yes,2chdre,Animal & Range Sciences,Master's,0,NA,None,Stat 216,ArcGIS,OSX,Yes,Little to No,"Yes, I've helped others collect data.",Microsoft Excel,Preparation for graduate school,Peers,"I just want to be able to do simple statistical tests, or at least understand coding a little better.",Introduction to R,spring 2019,No,No,No,No,No,No,None,No,No,Yes,No,No,NA,No,NA,No,Yes,NA,No,No,Yes,No,No,No,No,No,No,NA,No,No,No,No,No,Yes,No,No
1/30/2019,Yes,0wacol,NA,Post-Doctorate,1,NA,None,16S illumine sequencing,None,Windows,Yes,I'm almost done with my thesis,"Yes, I've collected my own data.",Microsoft Excel,Research assistance;Refresh or update skills,Course Materials,How to use R to analysize data and visualize data,Introduction to R,spring 2019,No,No,No,No,No,No,None,No,No,Yes,No,No,NA,No,NA,Yes,No,NA,Yes,No,No,No,No,No,No,Yes,No,NA,No,No,Yes,No,No,No,No,No
1/31/2019,Yes,0mamec,Land Resources Environmental Science,Master's,0,n/a,R,n/a,ArcGIS,OSX,Yes,A few projects,"Yes, I've collected my own data.;Yes, I've helped others collect data.",Microsoft Excel,Refresh or update skills,Peers;Course Materials;Internet Resources,"Understanding how R works, i.e., 'when I type this function, this is what R is telling me'.",Introduction to R,spring 2019,No,Yes,No,No,No,No,NA,No,No,Yes,No,No,NA,No,NA,Yes,Yes,NA,No,No,No,No,No,No,No,Yes,No,NA,No,No,Yes,No,No,Yes,No,Yes
1/31/2019,Yes,2ze15t,Ecology,Bachelors,2,Stat 216+217,R,Stat 216+217,Stat 216+217,OSX,No,NA,No,NA,Department/Professor recommended,Course Materials,How to do my homework easier,Introduction to R,spring 2019,No,Yes,No,No,No,No,NA,No,No,NA,NA,NA,NA,NA,NA,No,No,Yes,No,No,No,No,Yes,No,No,No,No,NA,No,No,Yes,No,No,No,No,No
1/31/2019,Yes,1rubea,Mathematics/Statistics/Data Science,Bachelors,1,CSCI 127: Joy and Beauty of Data,Python,N/A,N/A,Windows,No,NA,No,NA,Received an email or saw a flier about the workshop,N/A,I hope to learn R,Introduction to R,spring 2019,Yes,No,No,No,No,No,NA,No,No,NA,NA,NA,NA,NA,NA,No,No,Yes,No,No,No,No,No,Yes,No,No,No,Yes,No,No,No,No,No,No,No,No
1/31/2019,Yes,1woche,Land Resources Environmental Science,Master's,2,"GIS, CAD",R,"STAT 218, Stat 511",GIS,Windows,Yes,I'm almost done with my thesis,"Yes, I've collected my own data.",Microsoft Excel,Refresh or update skills;Data manipulation in R,Internet Resources,Data manipulation in R,Introduction to R,spring 2019,No,Yes,No,No,No,No,NA,No,No,Yes,No,No,NA,No,NA,Yes,No,NA,No,No,No,No,No,No,No,Yes,No,NA,No,No,No,No,No,No,No,Yes
1/31/2019,Yes,0alne,Plant Sciences & Plant Pathology,Doctorate,3,MatLab,MatLab,not that much,MatLab,Windows,Yes,Little to No,"Yes, I've collected my own data.",Microsoft Excel,Research assistance,Lab Mates;Internet Resources,a bit of practice,Introduction to R,spring 2019,No,No,No,Yes,No,No,NA,No,No,Yes,No,No,NA,No,NA,Yes,No,NA,Yes,No,No,No,No,No,No,No,No,NA,No,No,No,No,Yes,No,No,Yes
1/31/2019,Yes,0ackag,Other,Bachelors,5,"Intro to CSCI, Intro to Data Structures, Data Structures and Algorithms, Discrete Structures, Intro to C",Python;Java or Javascript;C or C++;Other,Stats classes in high school,programming FGPAs for electrical engineering,Windows,No,NA,No,NA,Refresh or update skills,Whatever we use in this workshop,"How to manipulate data with R, and how it differs from other languages",Introduction to R,spring 2019,Yes,No,Yes,No,Yes,No,NA,Yes,No,NA,NA,NA,NA,NA,NA,No,No,Yes,No,No,No,No,No,No,No,Yes,No,NA,Yes,No,No,No,No,No,No,No
1/31/2019,Yes,1pelex,NA,Staff,2,NA,None,Quantitative analysis,n/a,Windows,No,Little to No,"Yes, I've collected my own data.",Microsoft Excel,Refresh or update skills,Internet Resources,how is R used for data analytics,Introduction to R,spring 2019,No,No,No,No,No,No,None,No,No,Yes,No,No,NA,No,NA,Yes,No,NA,No,No,No,No,No,No,No,Yes,No,NA,No,No,No,No,No,No,No,Yes
1/31/2019,Yes,0pf11t,NA,Bachelors,2,"Joy and Beauty of Computing, Joy and Beauty of Data",Python;SQL,STAT 332,"GIS 384,484, Remote Sensing, Python 1 and 2",Windows,No,NA,"Yes, I've collected my own data.",Microsoft Excel,Department/Professor recommended,Course Materials,Feel more comfortable with R,Introduction to R,spring 2019,Yes,No,No,No,No,No,NA,No,Yes,Yes,No,No,NA,No,NA,Yes,No,NA,No,No,No,No,Yes,No,No,No,No,NA,No,No,Yes,No,No,No,No,No
1/31/2019,Yes,3tasna,Mathematics/Statistics/Data Science,Bachelors,0,n/a,NA,STATS 300 something,STATS 411,Windows,No,Little to No,No,NA,Coursework assistance,Course Materials,"How to operate R
",Introduction to R,spring 2019,NA,NA,NA,NA,NA,NA,NA,NA,NA,NA,NA,NA,NA,NA,NA,No,No,Yes,No,Yes,No,No,No,No,No,No,No,NA,No,No,Yes,No,No,No,No,No
1/31/2019,Yes,0+za,Engineering,Doctorate,3,0,NA,I have just took the statistical course,Phd Thesis,Windows,Yes,I'm almost done with my thesis,No,NA,Research assistance,Lab Mates,I hope this class give me an overview of the R and tells me how to work with it,Introduction to R,spring 2019,NA,NA,NA,NA,NA,NA,NA,NA,NA,NA,NA,NA,NA,NA,NA,No,No,Yes,Yes,No,No,No,No,No,No,No,No,NA,No,No,No,No,Yes,No,No,No
9/6/2018,Yes,NA,Ecology,Master's,0,None,None,STAT511 currently enrolled,Independent study S2018 used R,Windows,Yes,A few projects,"Yes, I've collected my own data",Microsoft Excel,Research assistance;Coursework assistance,NA,How R works,Intermediate R,fall 2018,No,No,No,No,No,No,None,No,No,Yes,No,No,NA,No,NA,Yes,No,NA,Yes,Yes,No,No,No,No,No,No,No,NA,NA,NA,NA,NA,NA,NA,NA,NA
10/3/2018,Yes,NA,Plant Sciences & Plant Pathology,Doctorate,0,NA,None,Biometry,PSPP 516,Windows,Yes,Little to No,"Yes, I've collected my own data",Microsoft Excel,Research assistance;Coursework assistance;Department/Professor recommended,Peers;Lab Mates;Adviser;Course Materials;Internet Resources,Have a stronger understand of how to use R for data analysis,Intermediate R,fall 2018,No,No,No,No,No,No,None,No,No,Yes,No,No,NA,No,NA,Yes,No,NA,Yes,Yes,No,No,Yes,No,No,No,No,NA,No,Yes,Yes,No,Yes,Yes,No,Yes
10/3/2018,Yes,NA,Animal & Range Sciences,Master's,1,Stat511,None,Stat511,Stat511,Windows,Yes,A few projects,"Yes, I've collected my own data",Microsoft Excel,Research assistance;Coursework assistance;Preparation for graduate school,Peers;Lab Mates;Adviser;Course Materials;Internet Resources,R packages with functions for statistical computation ease,Intermediate R,fall 2018,No,No,No,No,No,No,None,No,No,Yes,No,No,NA,No,NA,Yes,No,NA,Yes,Yes,Yes,No,No,No,No,No,No,NA,No,Yes,Yes,No,Yes,Yes,No,Yes
10/3/2018,Yes,NA,Land Resources Environmental Science,Master's,0,NA,None,"high school stats, currently in in STATs 511",none,OSX,Yes,A few projects,"Yes, I've collected my own data",Other,Research assistance;Coursework assistance,Peers;Lab Mates;Adviser;Course Materials;Internet Resources;your intro class,to be able to better manipulate my own data and manipulate problem sets in STATs classes,Intermediate R,fall 2018,No,No,No,No,No,No,None,No,No,No,No,No,NA,No,NA,Yes,No,NA,Yes,Yes,No,No,No,No,No,No,No,NA,Yes,Yes,Yes,No,Yes,Yes,No,Yes
10/3/2018,Yes,NA,Animal & Range Sciences,Other,0,None,None,"STAT 401, 410, 412 (MSU), STAT 507 (Univ of ID, Fall 2017), STAT 509 (Penn State, Fall 2018)",Just stats courses and seminars that uses SAS,Windows,Yes,I'm almost done with my thesis,"Yes, I've collected my own data",Microsoft Excel,Professional Development (I am not a student),Internet Resources,To become more comfortable with using R and eventually use it for statistical analysis,Intermediate R,fall 2018,No,No,No,No,No,No,None,No,No,Yes,No,No,NA,No,NA,Yes,No,NA,No,No,No,No,No,No,No,No,Yes,NA,No,No,No,No,No,No,No,Yes
10/3/2018,Yes,NA,Plant Sciences & Plant Pathology,Doctorate,1,Fortran,Fortran,"six courses between BS, MS,and PhD",Environmental Biophysics and Environmental Data Managment,Windows,Yes,A few projects,"Yes, I've collected my own data",Microsoft Excel,Department/Professor recommended,Peers;Course Materials;Internet Resources,Managing data sets to facilitate analysis.,Intermediate R,fall 2018,No,No,No,No,No,Yes,NA,No,No,Yes,No,No,NA,No,NA,Yes,No,NA,No,No,No,No,Yes,No,No,No,No,NA,No,No,Yes,No,No,Yes,No,Yes
10/3/2018,Yes,NA,Ecology,Bachelors,3,None,Python,"Stat 216, 217, currently taking Stat 411",Stat 217,Windows,Yes,Little to No,"Yes, I've collected my own data",Microsoft Excel,Coursework assistance;Preparation for graduate school,Peers;Lab Mates;Course Materials;Internet Resources,To improve my understanding of R and become more confident when using it,Intermediate R,fall 2018,Yes,No,No,No,No,No,NA,No,No,Yes,No,No,NA,No,NA,Yes,No,NA,No,Yes,Yes,No,No,No,No,No,No,NA,No,No,Yes,No,Yes,Yes,No,Yes
10/4/2018,Yes,NA,Land Resources Environmental Science,Doctorate,0,NA,Python;C or C++,Stat 511,Nome,OSX,Yes,A few projects,"Yes, I've collected my own data",Microsoft Excel,Adviser recommended,Peers;Lab Mates;Adviser;Course Materials;Internet Resources,Get better at r,Intermediate R,fall 2018,Yes,No,Yes,No,No,No,NA,No,No,Yes,No,No,NA,No,NA,Yes,No,NA,No,No,No,Yes,No,No,No,No,No,NA,No,Yes,Yes,No,Yes,Yes,No,Yes
10/4/2018,Yes,NA,NA,Staff,0,NA,Python,0,0,OSX,Yes,A few projects,"Yes, I've collected my own data",Microsoft Excel,Broaden R experience,Internet Resources,Better understanding of R,Intermediate R,fall 2018,Yes,No,No,No,No,No,NA,No,No,Yes,No,No,NA,No,NA,Yes,No,NA,No,No,No,No,No,No,No,Yes,No,NA,No,No,No,No,No,No,No,Yes
10/4/2018,Yes,NA,Ecology,Master's,0,Na,None,Stat 511,WILD501,Windows,Yes,A few projects,"Yes, I've collected my own data",On paper,Research assistance;Coursework assistance;Adviser recommended,Peers;Course Materials;Internet Resources,"Additional skills and familiarity with r, particularly loops",Intermediate R,fall 2018,No,No,No,No,No,No,None,No,No,No,No,No,Yes,No,NA,Yes,No,NA,Yes,Yes,No,Yes,No,No,No,No,No,NA,No,No,Yes,No,No,Yes,No,Yes
10/4/2018,Yes,NA,Earth Sciences,Master's,3,"Intro to GIS, Quantitative Methods in Ecosystem Science, Computer Statistical Applications",Other,"high school AP statistics, introduction to statistics, Methods for Data Analysis (STAT 511),  Computer Statistical Applications","Intro to GIS,  Quantitative Methods in Ecosystem Science, Computer Statistical Applications",Windows,Yes,A few projects,"Yes, I've collected my own data",Microsoft Excel,Research assistance;Coursework assistance;Preparation for graduate school,Course Materials;Internet Resources,I hope to become more proficient in R in general,Intermediate R,fall 2018,No,No,No,No,No,No,NA,Yes,No,Yes,No,No,NA,No,NA,Yes,No,NA,Yes,Yes,Yes,No,No,No,No,No,No,NA,No,No,Yes,No,No,No,No,Yes
10/5/2018,Yes,NA,Land Resources Environmental Science,Master's,1,NA,None,Basic Statistics and STAT 511,Only 511,Windows,Yes,A few projects,"Yes, I've collected my own data",Microsoft Excel,To help me with STAT511,Course Materials;Internet Resources,I already participated of the workshop for beginners and now I expect to learn more and maybe get more clear in my mind some R codes.,Intermediate R,fall 2018,No,No,No,No,No,No,None,No,No,Yes,No,No,NA,No,NA,Yes,No,NA,No,Yes,No,No,No,No,No,No,No,NA,No,No,Yes,No,No,No,No,Yes
10/5/2018,Yes,NA,Other,Doctorate,0,A 200 level during undergrad a long time ago...,Java or Javascript,"STAT401, STAT511, STAT512, BIOL540",4,Windows,Yes,I'm almost done with my thesis,"Yes, I've collected my own data",Microsoft Excel,Learn and improve my R coding ability,Peers;Lab Mates;Adviser;Course Materials;Internet Resources,As much as I can!,Intermediate R,fall 2018,No,No,No,No,Yes,No,NA,No,No,Yes,No,No,NA,No,NA,Yes,No,NA,No,No,No,No,No,No,No,Yes,No,NA,No,Yes,Yes,No,Yes,Yes,No,Yes
10/8/2018,Yes,0puvil,Animal & Range Sciences,Master's,0,NA,None,"STAT 511 and 512 Methods of Data Analysis
STAT 541 Experimental Design",WILD 502 Population and Habitat Data,Windows,Yes,Little to No,"Yes, I've collected my own data",Microsoft Access,Received an email or saw a flyer about the workshop.,Peers;Lab Mates;Adviser;Course Materials;Internet Resources,"I am familiar with using R for a small number of things, typically what was required in a specific class, but I have never had a course specifically focused on learning R.",Intermediate R,fall 2018,No,No,No,No,No,No,None,No,No,No,Yes,No,NA,No,NA,Yes,No,NA,No,No,No,No,No,No,No,No,No,NA,No,Yes,Yes,No,Yes,Yes,No,Yes
10/8/2018,Yes,0haten,Ecology,Doctorate,0,NA,Python;SQL,STAT 451,"WILD 595, STAT 457",Windows,Yes,A few projects,"Yes, I've collected my own data",Microsoft Access,Adviser recommended,Internet Resources;Books,Some different approaches to solving problems in R.,Intermediate R,fall 2018,Yes,No,No,No,No,No,NA,No,Yes,No,Yes,No,NA,No,NA,Yes,No,NA,No,No,No,Yes,No,No,No,No,No,NA,No,No,No,Yes,No,No,No,Yes
10/8/2018,Yes,0kogra,Plant Sciences & Plant Pathology,Doctorate,0,NA,None,Stat 216,Stat 511 currently taking,Windows,Yes,A few projects,"Yes, I've collected my own data",Microsoft Excel,Research assistance;Coursework assistance,NA,Help with R,Intermediate R,fall 2018,No,No,No,No,No,No,None,No,No,Yes,No,No,NA,No,NA,Yes,No,NA,Yes,Yes,No,No,No,No,No,No,No,NA,NA,NA,NA,NA,NA,NA,NA,NA
10/8/2018,Yes,0jomag,Land Resources Environmental Science,Master's,0,NA,None,STAT 216 and STAT217,LRES510,Apple/Mac OS/Unix,Yes,A few projects,"Yes, I've collected my own data",Microsoft Excel,Research assistance;Coursework assistance;Adviser recommended,Peers;Lab Mates;Adviser;Course Materials;Internet Resources,More R!,Intermediate R,fall 2018,No,No,No,No,No,No,None,No,No,Yes,No,No,NA,No,NA,Yes,No,NA,Yes,Yes,No,Yes,No,No,No,No,No,NA,No,Yes,Yes,No,Yes,Yes,No,Yes
10/8/2018,Yes,2haams,Plant Sciences & Plant Pathology,Doctorate,2,"Intro Excel, Intermediate Excel",None,Intro to Statistics,none,Windows,Yes,A few projects,"Yes, I've collected my own data",Microsoft Excel,Coursework assistance;Department/Professor recommended;Received an email or saw a flyer about the workshop.,Course Materials;Internet Resources,How to better use R,Intermediate R,fall 2018,No,No,No,No,No,No,None,No,No,Yes,No,No,NA,No,NA,Yes,No,NA,No,Yes,No,No,Yes,No,No,No,No,NA,No,No,Yes,No,No,No,No,Yes
10/8/2018,Yes,1coann,Engineering,Master's,2,Visual Basic and Matlab,C or C++;R,Methods of Data Analysis,Finite Element Modeling and Geomorphology,Windows,Yes,A few projects,"Yes, I've helped others collect data",Microsoft Excel,Coursework assistance,Course Materials,Tips on how to become more capable using R and better understand code provided in class (Methods of Data Analysis),Intermediate R,fall 2018,No,Yes,Yes,No,No,No,NA,No,No,Yes,No,No,NA,No,NA,No,Yes,NA,No,Yes,No,No,No,No,No,No,No,NA,No,No,Yes,No,No,No,No,No
10/8/2018,Yes,0duwil,Land Resources Environmental Science,Doctorate,2,ArcGIS,Other;None,"none, currently in STAT 511","ArcGIS, Field Ecology",Apple/Mac OS/Unix,Yes,A few projects,"Yes, I've helped others collect data",Microsoft Excel,Research assistance;Adviser recommended;Department/Professor recommended,Peers;Lab Mates;Course Materials;Internet Resources,"The language of R, how to use it for my own research purposes",Intermediate R,fall 2018,No,No,No,No,No,No,None,Yes,No,Yes,No,No,NA,No,NA,No,Yes,NA,Yes,No,No,Yes,Yes,No,No,No,No,NA,No,No,Yes,No,Yes,Yes,No,Yes
10/8/2018,Yes,0mcvil,Land Resources Environmental Science,Bachelors,0,NA,Python,216,"Environmental Biophysics, GIS",Windows,Yes,A few projects,"Yes, I've helped others collect data",Microsoft Excel,Research assistance;Preparation for graduate school,Peers;Lab Mates;Adviser;Course Materials;Internet Resources,Good workflows and data analysis principles,Intermediate R,fall 2018,Yes,No,No,No,No,No,NA,No,No,Yes,No,No,NA,No,NA,No,Yes,NA,Yes,No,Yes,No,No,No,No,No,No,NA,No,Yes,Yes,No,Yes,Yes,No,Yes
10/8/2018,Yes,0legol,Land Resources Environmental Science,Doctorate,0,none,None,"classes at NMSU - statistical inference I and II, biological sampling, Statistical analysis with R","classes at NMSU: population ecology, conservation biology",Windows,Yes,A few projects,"Yes, I've collected my own data",Microsoft Excel,Research assistance;Received an email or saw a flyer about the workshop.,Peers;Course Materials,"to learn new methods or review methods I've been briefly exposed to for data organization, analysis, etc",Intermediate R,fall 2018,No,No,No,No,No,No,None,No,No,Yes,No,No,NA,No,NA,Yes,No,NA,Yes,No,No,No,No,No,No,No,No,NA,No,No,Yes,No,No,Yes,No,No
2/20/2019,Yes,0refer,Biochemistry/Microbiology,Doctorate,1,None,None,None,None,Apple/Mac OS/Unix,Yes,A few projects,No,Microsoft Excel;Text file,Preparation for graduate school;Department/Professor recommended,Peers;Lab Mates;Course Materials,"The proper use of If, Then,",Intermediate R,spring 2019,No,No,No,No,No,No,None,No,No,Yes,No,No,NA,Yes,NA,No,No,Yes,No,No,Yes,No,Yes,No,No,No,No,NA,No,No,Yes,No,Yes,Yes,No,No
2/20/2019,Yes,NA,Land Resources Environmental Science,Master's,0,NA,None,STAT401,STAT511 and WILD 501,Apple/Mac OS/Unix,Yes,Little to No,"Yes, I've collected my own data",Microsoft Excel,Research assistance,Adviser,knowing how to do those functions in R,Intermediate R,spring 2019,No,No,No,No,No,No,None,No,No,Yes,No,No,NA,No,NA,Yes,No,NA,Yes,No,No,No,No,No,No,No,No,NA,No,Yes,No,No,No,No,No,No
2/20/2019,Yes,0mabea,Ecology,Bachelors,0,NA,None,Stat 216,None,Windows,Yes,Little to No,No,NA,Research assistance,Lab Mates,As much as I can about R,Intermediate R,spring 2019,No,No,No,No,No,No,None,No,No,NA,NA,NA,NA,NA,NA,No,No,Yes,Yes,No,No,No,No,No,No,No,No,NA,No,No,No,No,Yes,No,No,No
2/21/2019,Yes,0mamec,Land Resources Environmental Science,Master's,1,None,Other,Currently enrolled in STAT 511,"STAT 511, GIS",Apple/Mac OS/Unix,Yes,A few projects,"Yes, I've collected my own data",Microsoft Excel,Research assistance;Coursework assistance,Peers;Lab Mates;Course Materials;Internet Resources,A better understanding of how to compare my data.,Intermediate R,spring 2019,No,No,No,No,No,No,NA,Yes,No,Yes,No,No,NA,No,NA,Yes,No,NA,Yes,Yes,No,No,No,No,No,No,No,NA,No,No,Yes,No,Yes,Yes,No,Yes
2/21/2019,Yes,1bogla,Health & Human Development,Master's,0,NA,None,"STATS 215, STATS 511",none,Apple/Mac OS/Unix,Yes,A few projects,"Yes, I've helped others collect data",Microsoft Excel,Research assistance;Coursework assistance,Peers;Course Materials;Internet Resources,greater familiarity with R,Intermediate R,spring 2019,No,No,No,No,No,No,None,No,No,Yes,No,No,NA,No,NA,No,Yes,NA,Yes,Yes,No,No,No,No,No,No,No,NA,No,No,Yes,No,No,Yes,No,Yes
2/21/2019,Yes,0wagra,NA,Post-Doctorate,0,NA,None,Research experience,None,Windows,Yes,I'm almost done with my thesis,"Yes, I've collected my own data",Microsoft Excel,Research assistance,Internet Resources,Know R,Intermediate R,spring 2019,No,No,No,No,No,No,None,No,No,Yes,No,No,NA,No,NA,Yes,No,NA,Yes,No,No,No,No,No,No,No,No,NA,No,No,No,No,No,No,No,Yes
2/21/2019,Yes,3widaf,Plant Sciences & Plant Pathology,Master's,0,None,None,Biostatistics,None,Apple/Mac OS/Unix,Yes,I'm almost done with my thesis,"Yes, I've collected my own data",Microsoft Excel,Research assistance;Coursework assistance;Preparation for graduate school,Peers;Internet Resources,To have an idea of what I can use R for and become a little more comfortable with the language.,Intermediate R,spring 2019,No,No,No,No,No,No,None,No,No,Yes,No,No,NA,No,NA,Yes,No,NA,Yes,Yes,Yes,No,No,No,No,No,No,NA,No,No,No,No,No,Yes,No,Yes
2/21/2019,Yes,NA,Economics or Business,Master's,0,NA,None,"Intermediate statistics, econometrics","STATA, SAS",Windows,No,Little to No,"Yes, I've helped others collect data",Microsoft Excel,Research assistance;Job market preparation,Peers,Expand my familiarity with R,Intermediate R,spring 2019,No,No,No,No,No,No,None,No,No,Yes,No,No,NA,No,NA,No,Yes,NA,Yes,No,Yes,No,No,No,No,No,No,NA,No,No,No,No,No,Yes,No,No
2/21/2019,Yes,2hebea,Ecology,Staff,1,Computational Statistics,Python,"Biological Statistics, Experimental Design","Experimental Design, Biological Statistics",Windows,Yes,A few projects,"Yes, I've collected my own data;Yes, I've helped others collect data",Microsoft Excel,Research assistance,Peers;Lab Mates;Adviser;Internet Resources,Elegant methods of data filtering and wrangling,Intermediate R,spring 2019,Yes,No,No,No,No,No,NA,No,No,Yes,No,No,NA,No,NA,Yes,Yes,NA,Yes,No,No,No,No,No,No,No,No,NA,No,Yes,No,No,Yes,Yes,No,Yes
2/21/2019,Yes,0ackag,Other,Bachelors,5,"Intro to Computer Science, Intro to C, Basic Data Structures and Algorithms, Data Structures and Algorithms, Discrete Structures",Python;Java or Javascript;Other,Only High School Classes,none,Windows,No,Little to No,No,NA,Received an email or saw a flier about the workshop.,NA,Additional information about programming in R so I can tell people I know how to program in R during interviews.,Intermediate R,spring 2019,Yes,No,No,No,Yes,No,NA,Yes,No,NA,NA,NA,NA,NA,NA,No,No,Yes,No,No,No,No,No,Yes,No,No,No,NA,NA,NA,NA,NA,NA,NA,NA,NA
2/25/2019,Yes,4rospo,Biochemistry/Microbiology,Doctorate,0,NA,None,stats for biotech,Your introductory course,Windows,Yes,I'm almost done with my thesis,"Yes, I've collected my own data",Microsoft Excel,Research assistance,Peers,To expand on what the first course taught and get into some graphing,Intermediate R,spring 2019,No,No,No,No,No,No,None,No,No,Yes,No,No,NA,No,NA,Yes,No,NA,Yes,No,No,No,No,No,No,No,No,NA,No,No,No,No,No,Yes,No,No
2/25/2019,Yes,1shcov,NA,Faculty,4,NA,SQL,"Experiment design, multivariate, PLS, etc","SPSS, Amos, Lisrel",Apple/Mac OS/Unix,Yes,A few projects,"Yes, I've collected my own data;Yes, I've helped others collect data",Other,Received an email or saw a flier about the workshop.,Your basic class,Analyze data,Intermediate R,spring 2019,No,No,No,No,No,No,NA,No,Yes,No,No,No,NA,No,NA,Yes,Yes,NA,No,No,No,No,No,Yes,No,No,No,NA,Yes,No,No,No,No,No,No,No
2/25/2019,Yes,2rubea,Mathematics/Statistics/Data Science,Bachelors,1,CSCI 127: Joy and Beauty of Data,Python;SQL,N/A,None,Apple/Mac OS/Unix,No,Little to No,No,NA,Received an email or saw a flier about the workshop.;Preparation for Stat 332,NA,How R handles for loops and other such logic tools,Intermediate R,spring 2019,Yes,No,No,No,No,No,NA,No,Yes,NA,NA,NA,NA,NA,NA,No,No,Yes,No,Yes,No,No,No,Yes,No,No,No,NA,NA,NA,NA,NA,NA,NA,NA,NA
2/25/2019,Yes,pet,Economics or Business,Faculty,0,NA,Python;SQL;Other,RESEARCH COURSES HLM SPSS AMOS LISREL STATA,HLM SPSS AMOS LISREL STATA,Apple/Mac OS/Unix;Windows,Yes,A few projects,"Yes, I've collected my own data",Microsoft Excel;Other,Received an email or saw a flier about the workshop.,Course Materials;Internet Resources,R,Intermediate R,spring 2019,Yes,No,No,No,No,No,NA,Yes,Yes,Yes,No,No,NA,No,NA,Yes,No,NA,No,No,No,No,No,Yes,No,No,No,NA,No,No,Yes,No,No,No,No,Yes
2/25/2019,Yes,0ba3rd,Land Resources Environmental Science,Bachelors,0,None,SQL,Stat 216 and 217,"Biophysics, Statistics, GIS, Remote Sensing",Apple/Mac OS/Unix,Yes,A few projects,"Yes, I've collected my own data;Yes, I've helped others collect data",Microsoft Excel;On paper,Coursework assistance,Peers;Adviser;Internet Resources,Geospatial analysis in R,Intermediate R,spring 2019,No,No,No,No,No,No,NA,No,Yes,Yes,No,No,Yes,No,NA,Yes,Yes,NA,No,Yes,No,No,No,No,No,No,No,NA,No,Yes,No,No,No,Yes,No,Yes
2/25/2019,Yes,0llswe,Ecology,Doctorate,0,NA,R; Other,Undergrad stats and two postgrad stats courses (in R).,"R, ArcGIS, MARK, ESURGE",Windows,Yes,I'm almost done with my thesis,"Yes, I've collected my own data",Microsoft Excel,Received an email or saw a flier about the workshop.,Adviser;Course Materials;Internet Resources,"Advanced R skills, more syntax to build from.",Intermediate R,spring 2019,No,Yes,No,No,No,No,NA,Yes,No,Yes,No,No,NA,No,NA,Yes,No,NA,No,No,No,No,No,Yes,No,No,No,NA,No,Yes,Yes,No,No,No,No,Yes
2/25/2019,Yes,1spfla,Earth Sciences,Faculty,4,NA,Python;Fortran,Geospatial stats,"Matlab, R",Apple/Mac OS/Unix,Yes,A few projects,"Yes, I've collected my own data",Microsoft Excel;Text file;Other,Received an email or saw a flier about the workshop.,Course Materials;Internet Resources,Improve my abilities to effectively use R. Loops would be great.,Intermediate R,spring 2019,Yes,No,No,No,No,Yes,NA,No,No,Yes,No,No,NA,Yes,NA,Yes,No,NA,No,No,No,No,No,Yes,No,No,No,NA,No,No,Yes,No,No,No,No,Yes
2/25/2019,Yes,1anso,Earth Sciences,Master's,0,NA,None,STAT216Q,GIS,Apple/Mac OS/Unix,No,Little to No,"Yes, I've collected my own data",Microsoft Excel;Microsoft Word,Department/Professor recommended,Lab Mates,Work with R,Intermediate R,spring 2019,No,No,No,No,No,No,None,No,No,Yes,No,Yes,NA,No,NA,Yes,No,NA,No,No,No,No,Yes,No,No,No,No,NA,No,No,No,No,Yes,No,No,No
3/14/2019,Yes,2letum,Ecology,Master's,0,none,R,"STAT 401, STAT 511, STAT 512, currently STAT 437",WILD 501,Windows,Yes,A few projects,"Yes, I've collected my own data;Yes, I've helped others collect data",Microsoft Excel;Microsoft Access;On paper,I've heard dplyr changes peoples lives,Peers;Course Materials;Internet Resources,"basic syntax to use dplyr (and anything else in tidyverse), generally I want to learn anything that makes R a more functional tool for me rather than a headache",Data Wrangling in R,spring 2019,No,Yes,No,No,No,No,NA,No,No,Yes,Yes,No,Yes,No,NA,Yes,Yes,NA,No,No,No,No,No,No,No,No,No,NA,No,No,Yes,No,No,Yes,No,Yes
3/14/2019,Yes,0midel,Land Resources Environmental Science,Doctorate,0,NA,R,"two grad-level stats courses at another university (for non-stats majors), STAT 532","WILD502, 3 ArcGIS courses at another university",Windows,Yes,I'm almost done with my thesis,"Yes, I've collected my own data",Microsoft Access;On paper,Research assistance;Received an email or saw a flier about the workshop.,Peers;Lab Mates;Course Materials;Internet Resources,more effective/efficient ways to restructure and reorganize dataframes,Data Wrangling in R,spring 2019,No,Yes,No,No,No,No,NA,No,No,No,Yes,No,Yes,No,NA,Yes,No,NA,Yes,No,No,No,No,Yes,No,No,No,NA,No,No,Yes,No,Yes,Yes,No,Yes
3/14/2019,Yes,0llswe,Organismal Biology,Doctorate,0,NA,R,Undergraduate and Postgraduate statistical courses (South Africa),"Courses that use R, ArcGIS, MARK.",Windows,Yes,A few projects,"Yes, I've collected my own data",Microsoft Excel,Research assistance,Course Materials;Internet Resources,"How to merge files, filter data and generally manipulate datasets in R.",Data Wrangling in R,spring 2019,No,Yes,No,No,No,No,NA,No,No,Yes,No,No,NA,No,NA,Yes,No,NA,Yes,No,No,No,No,No,No,No,No,NA,No,No,Yes,No,No,No,No,Yes
3/14/2019,Yes,0mabea,Ecology,Bachelors,0,NA,None,Stat 216,None,Windows,Yes,Little to No,No,NA,Research assistance,Peers,Just trying to learn as much about R as possible,Data Wrangling in R,spring 2019,No,No,No,No,No,No,None,No,No,NA,NA,NA,NA,NA,NA,No,No,Yes,Yes,No,No,No,No,No,No,No,No,NA,No,No,No,No,No,Yes,No,No
3/14/2019,Yes,0szper,Ecology,Staff,0,NA,None,"STAT 401, STAT 402 (ISU)","GIS, Stat Methods for Research, Occupancy Modeling",Windows,Yes,A few projects,"Yes, I've collected my own data",Microsoft Excel;Microsoft Access,Received an email or saw a flier about the workshop.,Peers;Lab Mates;Adviser;Course Materials;Internet Resources,"Improving my ability to clean up large, messy databases.",Data Wrangling in R,spring 2019,No,No,No,No,No,No,None,No,No,Yes,Yes,No,NA,No,NA,Yes,No,NA,No,No,No,No,No,Yes,No,No,No,NA,No,Yes,Yes,No,Yes,Yes,No,Yes
3/14/2019,Yes,2rubea,Mathematics/Statistics/Data Science,Bachelors,1,CSCI 127,Python,N/A,N/A,Apple/Mac OS/Unix,No,Little to No,No,NA,Coursework assistance;Received an email or saw a flier about the workshop.,These courses,How to Wrangle Data in R to help for STAT 511,Data Wrangling in R,spring 2019,Yes,No,No,No,No,No,NA,No,No,NA,NA,NA,NA,NA,NA,No,No,Yes,No,Yes,No,No,No,Yes,No,No,No,NA,Yes,No,No,No,No,No,No,No
3/14/2019,Yes,2brsta,Economics or Business,Master's,0,NA,Python;SQL,"stat216, stat217, eind354","EFIN 301, EFIN401, AGBE467, ECNS501, ECNS 502, ECNS561, ECNS562",Windows,Yes,A few projects,"Yes, I've collected my own data",Other,Received an email or saw a flier about the workshop.,Adviser;Internet Resources,refresh dplyr and learn tidy,Data Wrangling in R,spring 2019,Yes,No,No,No,No,No,NA,No,Yes,No,No,No,NA,No,NA,Yes,No,NA,No,No,No,No,No,Yes,No,No,No,NA,No,Yes,No,No,No,No,No,Yes
3/14/2019,Yes,0legol,Land Resources Environmental Science,Doctorate,0,none,None,courses at NMSU - statistical inference 1 and 2,R/ArcGIS,Windows,Yes,A few projects,"Yes, I've collected my own data;Yes, I've helped others collect data",Microsoft Excel;Microsoft Access;Microsoft Word;On paper;Text file,Research assistance;Received an email or saw a flier about the workshop.,Peers;Lab Mates;Course Materials;Internet Resources,better ways to organize data,Data Wrangling in R,spring 2019,No,No,No,No,No,No,None,No,No,Yes,Yes,Yes,Yes,Yes,NA,Yes,Yes,NA,Yes,No,No,No,No,Yes,No,No,No,NA,No,No,Yes,No,Yes,Yes,No,Yes
4/3/2019,Yes,1matwe,Land Resources Environmental Science,Master's,0,none,What is a programming language?,Stat 511,none,Apple/Mac OS/Unix,Yes,A few projects,"Yes, I've collected my own data",Microsoft Excel,Research assistance,Peers;Lab Mates;Adviser;Course Materials;Internet Resources,how to better visualize my data,Data Visualization in R,spring 2019,No,No,No,No,No,No,Unfamiliar,No,No,Yes,No,No,NA,No,NA,Yes,No,NA,Yes,No,No,No,No,No,No,No,No,NA,No,Yes,Yes,No,Yes,Yes,No,Yes
4/3/2019,Yes,0kogra,Plant Sciences & Plant Pathology,Doctorate,0,NA,None,"STAT 511, 216",STAT 511,Windows,Yes,A few projects,"Yes, I've collected my own data;Yes, I've helped others collect data",Microsoft Excel;Microsoft Word;On paper,Coursework assistance;Received an email or saw a flier about the workshop.,Peers;Adviser;Course Materials;Internet Resources,How to use R for my research,Data Visualization in R,spring 2019,No,No,No,No,No,No,None,No,No,Yes,No,Yes,Yes,No,NA,Yes,Yes,NA,No,Yes,No,No,No,Yes,No,No,No,NA,No,Yes,Yes,No,No,Yes,No,Yes
4/3/2019,Yes,2mehun,Land Resources Environmental Science,Master's,0,NA,None,Stat 401,R,Apple/Mac OS/Unix,No,Little to No,"Yes, I've collected my own data",Microsoft Excel,Research assistance,Peers;Lab Mates;Adviser;Course Materials;Internet Resources,"making graphs which are easy to read,scientific, meaningful",Data Visualization in R,spring 2019,No,No,No,No,No,No,None,No,No,Yes,No,No,NA,No,NA,Yes,No,NA,Yes,No,No,No,No,No,No,No,No,NA,No,Yes,Yes,No,Yes,Yes,No,Yes
4/4/2019,Yes,0llswe,Organismal Biology,Doctorate,0,None,R,Graduate stats courses at University of Pretoria and University of Cape Town,Conservation biology (ArcGIS and R),Windows,Yes,I'm almost done with my thesis,"Yes, I've collected my own data",Microsoft Excel,Research assistance;Received an email or saw a flier about the workshop.,Adviser;Course Materials;Internet Resources,"How to use ggplot function, especially how to manipulate layers (e.g. ordering).",Data Visualization in R,spring 2019,No,Yes,No,No,No,No,NA,No,No,Yes,No,No,NA,No,NA,Yes,No,NA,Yes,No,No,No,No,Yes,No,No,No,NA,No,Yes,Yes,No,No,No,No,Yes
4/4/2019,Yes,0notwe,Mathematics/Statistics/Data Science,Master's,4,"CSCI 127: Joy and Beauty of Data, CSCI 132: Basic Data Structures and Algorithms, CSCI 232: Data Structures and Algorithms, CSCI 532: Algorithms",Python;Java or Javascript;R,"Stat 421/422: Probability Theory/Math Stats, Stat 511/512: Data Analysis, Stat 536: Time Series Analysis",none,Windows,Yes,A few projects,"Yes, I've collected my own data",Microsoft Excel,Research assistance;Coursework assistance;Received an email or saw a flier about the workshop.,Peers;Course Materials;Internet Resources,"How to better display data. I know quite a bit of R, but don't understand ggplot.",Data Visualization in R,spring 2019,Yes,Yes,No,No,Yes,No,NA,No,No,Yes,No,No,NA,No,NA,Yes,No,NA,Yes,Yes,No,No,No,Yes,No,No,No,NA,No,No,Yes,No,No,Yes,No,Yes
4/4/2019,Yes,0ropea,Land Resources Environmental Science,Master's,1,ArcGIS,None,STAT217,ArcGIS,Apple/Mac OS/Unix,Yes,I'm almost done with my thesis,"Yes, I've collected my own data",Microsoft Excel,Research assistance,Peers;Internet Resources,"To change orientation of text labels using lab, can you do it in plot(), axis() and par() in base R?  And ggplot()? - which I should be using!  Is one way recommended over the over for better data management?",Data Visualization in R,spring 2019,No,No,No,No,No,No,None,No,No,Yes,No,No,NA,No,NA,Yes,No,NA,Yes,No,No,No,No,No,No,No,No,NA,No,No,No,No,No,Yes,No,Yes
4/4/2019,Yes,0logla,Center for Biofilm Engineering,Staff,0,Online Python Course through EdX,Python,Biostats - 2010?,0,Apple/Mac OS/Unix,Yes,A few projects,"Yes, I've collected my own data",Microsoft Excel;Text file,Received an email or saw a flier about the workshop.,Peers;Lab Mates;Internet Resources,How to use ggplot better!,Data Visualization in R,spring 2019,Yes,No,No,No,No,No,NA,No,No,Yes,No,No,NA,Yes,NA,Yes,No,NA,No,No,No,No,No,Yes,No,No,No,NA,No,No,No,No,Yes,Yes,No,Yes
4/4/2019,Yes,2rubea,Mathematics/Statistics/Data Science,Bachelors,1,CSCI 127: Joy and Beauty of Data,Python;SQL;R,N/A,N/A,Apple/Mac OS/Unix,No,Little to No,No,NA,Research assistance;Coursework assistance;Received an email or saw a flier about the workshop.,This course series,How to visualize Data in R,Data Visualization in R,spring 2019,Yes,Yes,No,No,No,No,NA,No,Yes,NA,NA,NA,NA,NA,NA,No,No,Yes,Yes,Yes,No,No,No,Yes,No,No,No,NA,Yes,No,No,No,No,No,No,No
4/4/2019,Yes,0legol,Land Resources Environmental Science,Doctorate,0,NA,None,several courses at another university,"R class, population ecology class",Windows,Yes,A few projects,"Yes, I've collected my own data",Microsoft Excel;On paper,Research assistance;Received an email or saw a flier about the workshop.,Peers;Lab Mates;Course Materials,how to get better at making figures,Data Visualization in R,spring 2019,No,No,No,No,No,No,None,No,No,Yes,No,No,Yes,No,NA,Yes,No,NA,Yes,No,No,No,No,Yes,No,No,No,NA,No,No,Yes,No,Yes,Yes,No,No
